<project xmlns="http://maven.apache.org/POM/4.0.0" xmlns:xsi="http://www.w3.org/2001/XMLSchema-instance"
	xsi:schemaLocation="http://maven.apache.org/POM/4.0.0 http://maven.apache.org/xsd/maven-4.0.0.xsd">
	<modelVersion>4.0.0</modelVersion>
	<parent>
		<groupId>nl.fw.yapool</groupId>
		<artifactId>yapool-parent</artifactId>
        <version>0.9.3</version>
		<relativePath>../yapool-parent</relativePath>
	</parent>
	<artifactId>yapool-hib3</artifactId>
	<name>Yapool Hibernate3</name>

	<dependencies>

		<dependency>
			<groupId>nl.fw.yapool</groupId>
			<artifactId>yapool-core</artifactId>
			<version>${project.version}</version>
		</dependency>
		<dependency>
			<groupId>org.hibernate</groupId>
			<artifactId>hibernate-core</artifactId>
			<version>${hib3.version}</version>
			<scope>provided</scope>
		</dependency>
		<dependency>
			<groupId>org.slf4j</groupId>
			<artifactId>slf4j-api</artifactId>
		</dependency>
		<!-- javassist is required to run TestHibernate -->
		<dependency>
			<groupId>org.javassist</groupId>
			<artifactId>javassist</artifactId>
			<version>3.16.1-GA</version>
			<scope>test</scope>
		</dependency>
		<!-- Hibernate 3 uses log4j -->
		<dependency>
			<groupId>org.slf4j</groupId>
			<artifactId>log4j-over-slf4j</artifactId>
			<scope>test</scope>
		</dependency>
		<dependency>
			<groupId>org.slf4j</groupId>
			<artifactId>slf4j-simple</artifactId>
			<scope>test</scope>
		</dependency>
		<dependency>
			<groupId>junit</groupId>
			<artifactId>junit</artifactId>
			<scope>test</scope>
		</dependency>
		<dependency>
			<groupId>org.easytesting</groupId>
			<artifactId>fest-assert</artifactId>
			<scope>test</scope>
		</dependency>
		<dependency>
			<groupId>org.hsqldb</groupId>
			<artifactId>hsqldb</artifactId>
			<scope>test</scope>
		</dependency>
	</dependencies>

	<build>
		<plugins>
			<plugin>
				<artifactId>maven-source-plugin</artifactId>
			</plugin>
			<plugin>
				<artifactId>maven-javadoc-plugin</artifactId>
			</plugin>
		</plugins>
	</build>

</project>